{"cameraMode":{"drawMode":0,"name":"Shaded","section":"Shading Mode"},"sceneLighting":true,"audioPlay":false,"sceneViewState":{"showFog":true,"showMaterialUpdate":false,"showSkybox":true,"showFlares":true,"showImageEffects":true,"showParticleSystems":true},"in2DMode":false,"pivot":{"x":114.65432739257813,"y":-193.43231201171876,"z":-99.20736694335938},"rotation":{"x":0.015945635735988618,"y":0.9608333706855774,"z":-0.2708996534347534,"w":0.05656418576836586},"size":575.7079467773438,"orthographic":false}